Something you find in a kitchen	Quelque chose dans une cuisine	t
An animal that lives in water	Un animal qui vit dans l’eau	t
Something you wear	Quelque chose qu’on porte	t
A part of the body	Une partie du corps	t
Something that flies	Quelque chose qui vole	t
A type of food	Un type de nourriture	t
A word meaning happy	Un mot qui veut dire heureux	t
A tool of some kind	Un outil	t
Something found in space	Quelque chose dans l’espace	t
A job or profession	Un métier	t
Something you read	Quelque chose qu’on lit	t
Something electronic	Un appareil électronique	t
A word meaning fast	Un mot qui veut dire rapide	t
A type of building	Un type de bâtiment	t
A thing with wheels	Quelque chose avec des roues	t
Something metal	Quelque chose en métal	t
A type of plant	Un type de plante	t
A word meaning difficult	Un mot qui veut dire difficile	t
A type of dance	Un type de danse	t
Something you can drink	Quelque chose qu’on peut boire	t
A thing in a toolbox	Quelque chose dans une boîte à outils	t
A type of insect	Un type d’insecte	t
A type of weather event	Un phénomène météo	t
A type of shoe	Un type de chaussure	t
A type of bird	Un type d’oiseau	t
A type of rock or mineral	Une roche ou un minéral	t
A fruit	Un fruit	t
A vegetable	Un légume	t
An animal	Un animal	t
A mammal	Un mammifère	t
A reptile or amphibian	Un reptile ou un amphibien	t
A vehicle	Un véhicule	t
A tree	Un arbre	t
A flower	Une fleur	t
A musical instrument	Un instrument de musique	t
A sport	Un sport	t
A color	Une couleur	t
An emotion or feeling	Une émotion ou un sentiment	t
A piece of furniture	Un meuble	t
A weapon	Une arme	t
A game	Un jeu	t
A dessert or sweet treat	Un dessert ou une douceur	t
A type of fish	Un type de poisson	t
A container	Un récipient	t
A shape	Une forme	t
A herb or spice	Une herbe ou une épice	t
A type of fabric	Un type de tissu	t
A word meaning big	Un mot qui veut dire grand	t
A word meaning small	Un mot qui veut dire petit	t
A word meaning angry	Un mot qui veut dire en colère	t
A word meaning cold	Un mot qui veut dire froid	t
