Something you find in a kitchen	Etwas in der Küche	t
An animal that lives in water	Ein Tier, das im Wasser lebt	t
Something you wear	Etwas zum Anziehen	t
A part of the body	Ein Körperteil	t
Something that flies	Etwas, das fliegt	t
A type of food	Eine Art Essen	t
A word meaning happy	Ein Wort für glücklich	t
A tool of some kind	Ein Werkzeug	t
Something found in space	Etwas im Weltall	t
A job or profession	Ein Beruf	t
Something you read	Etwas zum Lesen	t
Something electronic	Etwas Elektronisches	t
A word meaning fast	Ein Wort für schnell	t
A type of building	Eine Art Gebäude	t
A thing with wheels	Etwas mit Rädern	t
Something metal	Etwas aus Metall	t
A type of plant	Eine Pflanze	t
A word meaning difficult	Ein Wort für schwierig	t
A type of dance	Ein Tanz	t
Something you can drink	Etwas zum Trinken	t
A thing in a toolbox	Etwas im Werkzeugkasten	t
A type of insect	Ein Insekt	t
A type of weather event	Ein Wetterereignis	t
A type of shoe	Eine Art Schuh	t
A type of bird	Ein Vogel	t
A type of rock or mineral	Ein Gestein oder Mineral	t
A fruit	Eine Frucht	t
A vegetable	Ein Gemüse	t
An animal	Ein Tier	t
A mammal	Ein Säugetier	t
A reptile or amphibian	Ein Reptil oder Amphibium	t
A vehicle	Ein Fahrzeug	t
A tree	Ein Baum	t
A flower	Eine Blume	t
A musical instrument	Ein Musikinstrument	t
A sport	Eine Sportart	t
A color	Eine Farbe	t
An emotion or feeling	Ein Gefühl	t
A piece of furniture	Ein Möbelstück	t
A weapon	Eine Waffe	t
A game	Ein Spiel	t
A dessert or sweet treat	Eine Süßspeise oder Nascherei	t
A type of fish	Ein Fisch	t
A container	Ein Behälter	t
A shape	Eine Form	t
A herb or spice	Ein Kraut oder Gewürz	t
A type of fabric	Ein Stoff	t
A word meaning big	Ein Wort für groß	t
A word meaning small	Ein Wort für klein	t
A word meaning angry	Ein Wort für wütend	t
A word meaning cold	Ein Wort für kalt	t
