Something you find in a kitchen	Algo que hay en una cocina	t
An animal that lives in water	Un animal que vive en el agua	t
Something you wear	Algo que te pones	t
A part of the body	Una parte del cuerpo	t
Something that flies	Algo que vuela	t
A type of food	Un tipo de comida	t
A word meaning happy	Una palabra que significa feliz	t
A tool of some kind	Una herramienta	t
Something found in space	Algo que hay en el espacio	t
A job or profession	Un trabajo o profesión	t
Something you read	Algo que lees	t
Something electronic	Algo electrónico	t
A word meaning fast	Una palabra que significa rápido	t
A type of building	Un tipo de edificio	t
A thing with wheels	Algo con ruedas	t
Something metal	Algo de metal	t
A type of plant	Un tipo de planta	t
A word meaning difficult	Una palabra que significa difícil	t
A type of dance	Un tipo de baile	t
Something you can drink	Algo que se puede beber	t
A thing in a toolbox	Algo de una caja de herramientas	t
A type of insect	Un tipo de insecto	t
A type of weather event	Un fenómeno del tiempo	t
A type of shoe	Un tipo de zapato	t
A type of bird	Un tipo de ave	t
A type of rock or mineral	Un tipo de roca o mineral	t
A fruit	Una fruta	t
A vegetable	Una verdura	t
An animal	Un animal	t
A mammal	Un mamífero	t
A reptile or amphibian	Un reptil o anfibio	t
A vehicle	Un vehículo	t
A tree	Un árbol	t
A flower	Una flor	t
A musical instrument	Un instrumento musical	t
A sport	Un deporte	t
A color	Un color	t
An emotion or feeling	Una emoción o sentimiento	t
A piece of furniture	Un mueble	t
A weapon	Un arma	t
A game	Un juego	t
A dessert or sweet treat	Un postre o dulce	t
A type of fish	Un tipo de pez	t
A container	Un recipiente	t
A shape	Una forma	t
A herb or spice	Una hierba o especia	t
A type of fabric	Un tipo de tela	t
A word meaning big	Una palabra que significa grande	t
A word meaning small	Una palabra que significa pequeño	t
A word meaning angry	Una palabra que significa enfadado	t
A word meaning cold	Una palabra que significa frío	t
