Something you find in a kitchen	厨房里的东西	t
An animal that lives in water	生活在水里的动物	t
Something you wear	穿戴的东西	t
A part of the body	身体部位	t
Something that flies	会飞的东西	t
A type of food	一种食物	t
A word meaning happy	表示“高兴”的词	f
A tool of some kind	一种工具	t
Something found in space	太空里的东西	t
A job or profession	一种职业	t
Something you read	可以读的东西	t
Something electronic	电子产品	t
A word meaning fast	表示“快”的词	f
A type of building	一种建筑	t
A thing with wheels	有轮子的东西	t
Something metal	金属做的东西	t
A type of plant	一种植物	t
A word meaning difficult	表示“困难”的词	f
A type of dance	一种舞蹈	t
Something you can drink	可以喝的东西	t
A thing in a toolbox	工具箱里的东西	t
A type of insect	一种昆虫	t
A type of weather event	一种天气现象	t
A type of shoe	一种鞋	t
A type of bird	一种鸟	t
A type of rock or mineral	一种岩石或矿物	t
A fruit	一种水果	t
A vegetable	一种蔬菜	t
An animal	一种动物	t
A mammal	一种哺乳动物	t
A reptile or amphibian	爬行动物或两栖动物	t
A vehicle	一种交通工具	t
A tree	一种树	t
A flower	一种花	t
A musical instrument	一种乐器	t
A sport	一项运动	t
A color	一种颜色	t
An emotion or feeling	一种情绪或感受	t
A piece of furniture	一件家具	t
A weapon	一种武器	t
A game	一种游戏	t
A dessert or sweet treat	一种甜点或糖果	t
A type of fish	一种鱼	t
A container	一种容器	t
A shape	一种形状	t
A herb or spice	一种香草或香料	t
A type of fabric	一种布料	t
A word meaning big	表示“大”的词	f
A word meaning small	表示“小”的词	f
A word meaning angry	表示“生气”的词	f
A word meaning cold	表示“冷”的词	f
