Something you find in a kitchen	台所にあるもの	t
An animal that lives in water	水の中に住む動物	t
Something you wear	身につけるもの	t
A part of the body	体の部分	t
Something that flies	空を飛ぶもの	t
A type of food	食べ物	t
A word meaning happy	「うれしい」の意味の言葉	t
A tool of some kind	道具	t
Something found in space	宇宙にあるもの	t
A job or profession	仕事・職業	t
Something you read	読むもの	t
Something electronic	電子機器	t
A word meaning fast	「速い」の意味の言葉	t
A type of building	建物の種類	t
A thing with wheels	車輪があるもの	t
Something metal	金属のもの	t
A type of plant	植物	t
A word meaning difficult	「難しい」の意味の言葉	t
A type of dance	ダンスの種類	t
Something you can drink	飲めるもの	t
A thing in a toolbox	工具箱に入っているもの	t
A type of insect	昆虫	t
A type of weather event	天気の現象	t
A type of shoe	靴の種類	t
A type of bird	鳥	t
A type of rock or mineral	岩石・鉱物	t
A fruit	果物	t
A vegetable	野菜	t
An animal	動物	t
A mammal	哺乳類	t
A reptile or amphibian	爬虫類・両生類	t
A vehicle	乗り物	t
A tree	木	t
A flower	花	t
A musical instrument	楽器	t
A sport	スポーツ	t
A color	色	t
An emotion or feeling	感情・気持ち	t
A piece of furniture	家具	t
A weapon	武器	t
A game	ゲーム・遊び	t
A dessert or sweet treat	デザート・お菓子	t
A type of fish	魚	t
A container	入れ物	t
A shape	形	t
A herb or spice	ハーブ・スパイス	t
A type of fabric	布の種類	t
A word meaning big	「大きい」の意味の言葉	t
A word meaning small	「小さい」の意味の言葉	t
A word meaning angry	「怒った」の意味の言葉	t
A word meaning cold	「寒い・冷たい」の意味の言葉	t
